"","V1","V2"
"9","dirichlet_process","chain"
"42","semiparametric_estimation","value"
"49","computational","linear_mixed_model"
"52","rate","empirical_likelihood"
"62","optimal","principal_component"
"266","shrinkage","property"
"274","confidence_bands","two_sample"
"276","bivariate","nonignorable"
"280","longitudinal","flexible"
"284","space","sequence"
"286","unknown","imputation"
"288","image","response"
"292","block","misspecification"
"293","misspecification","selection"
"294","selection","learn"
"297","note","functional"
"302","application","classification"
"313","component","categorical"
"324","cure","constraint"
"342","risk","compete"
"344","time","semiparametric"
"345","semiparametric","vector"
"382","central","randomization"
